id,focus,signal,slack,drag,confidence,score,lane,kind,invariant
g001,rollout width,116,49,27,80,355,ship,baseline,monotonic-signal
g002,quota pressure,36,68,39,59,131,watch,edge,drag-penalty
g003,route drift,43,10,26,30,36,hold,recovery,confidence-floor
g004,secret scope,50,54,21,86,275,ship,negative,lane-boundary
g005,rollout width,57,8,41,75,75,hold,baseline,monotonic-signal
g006,quota pressure,108,23,10,74,360,ship,edge,drag-penalty
g007,route drift,93,33,38,35,132,watch,recovery,confidence-floor
g008,secret scope,89,75,33,20,203,watch,negative,lane-boundary
g009,rollout width,47,64,32,103,268,ship,baseline,monotonic-signal
g010,quota pressure,73,61,33,63,229,ship,edge,drag-penalty
g011,route drift,46,27,14,91,258,ship,recovery,confidence-floor
g012,secret scope,36,12,27,23,7,hold,negative,lane-boundary
g013,rollout width,34,42,24,80,192,watch,baseline,monotonic-signal
g014,quota pressure,37,25,14,70,194,watch,edge,drag-penalty
g015,route drift,86,54,31,26,177,watch,recovery,confidence-floor
g016,secret scope,114,71,20,95,460,ship,negative,lane-boundary
g017,rollout width,87,12,37,48,109,watch,baseline,monotonic-signal
g018,quota pressure,77,55,26,72,278,ship,edge,drag-penalty
g019,route drift,76,9,43,45,45,hold,recovery,confidence-floor
g020,secret scope,35,23,11,79,219,ship,negative,lane-boundary
g021,rollout width,106,33,39,58,199,watch,baseline,monotonic-signal
g022,quota pressure,101,75,33,29,245,ship,edge,drag-penalty
g023,route drift,58,64,32,85,254,ship,recovery,confidence-floor
g024,secret scope,84,26,12,74,308,ship,negative,lane-boundary
g025,rollout width,56,70,24,73,278,ship,baseline,monotonic-signal
g026,quota pressure,46,34,11,34,173,watch,edge,drag-penalty
g027,route drift,88,53,6,105,462,ship,recovery,confidence-floor
g028,secret scope,113,30,26,102,360,ship,negative,lane-boundary
g029,rollout width,41,21,37,62,63,hold,baseline,monotonic-signal
g030,quota pressure,96,54,23,90,365,ship,edge,drag-penalty
g031,route drift,39,73,18,22,178,watch,recovery,confidence-floor
g032,secret scope,69,15,17,79,241,ship,negative,lane-boundary
g033,rollout width,77,59,18,69,320,ship,baseline,monotonic-signal
g034,quota pressure,84,13,41,25,39,hold,edge,drag-penalty
g035,route drift,91,28,12,94,366,ship,recovery,confidence-floor
g036,secret scope,98,38,9,47,321,ship,negative,lane-boundary
g037,rollout width,61,10,41,71,79,hold,baseline,monotonic-signal
g038,quota pressure,46,69,16,44,238,ship,edge,drag-penalty
g039,route drift,42,66,5,78,347,ship,recovery,confidence-floor
g040,secret scope,88,32,22,57,244,ship,negative,lane-boundary
g041,rollout width,114,17,11,28,263,ship,baseline,monotonic-signal
g042,quota pressure,87,47,28,84,296,ship,edge,drag-penalty
g043,route drift,77,30,38,73,170,watch,recovery,confidence-floor
g044,secret scope,75,59,24,72,292,ship,negative,lane-boundary
g045,rollout width,78,76,18,33,284,ship,baseline,monotonic-signal
g046,quota pressure,39,17,17,104,235,ship,edge,drag-penalty
g047,route drift,67,60,39,101,261,ship,recovery,confidence-floor
g048,secret scope,40,14,9,61,185,watch,negative,lane-boundary
g049,rollout width,30,28,38,89,104,hold,baseline,monotonic-signal
g050,quota pressure,117,38,33,21,187,watch,edge,drag-penalty
g051,route drift,76,10,11,78,273,ship,recovery,confidence-floor
g052,secret scope,59,69,22,68,282,ship,negative,lane-boundary
g053,rollout width,54,31,8,24,178,watch,baseline,monotonic-signal
g054,quota pressure,99,75,45,93,309,ship,edge,drag-penalty
g055,route drift,37,39,44,46,24,hold,recovery,confidence-floor
g056,secret scope,97,58,45,70,225,ship,negative,lane-boundary
g057,rollout width,87,35,26,43,200,watch,baseline,monotonic-signal
g058,quota pressure,41,26,39,77,93,hold,edge,drag-penalty
g059,route drift,66,59,36,56,182,watch,recovery,confidence-floor
g060,secret scope,82,8,26,27,104,hold,negative,lane-boundary
g061,rollout width,49,20,43,83,89,hold,baseline,monotonic-signal
g062,quota pressure,80,64,32,72,272,ship,edge,drag-penalty
g063,route drift,110,18,7,71,363,ship,recovery,confidence-floor
g064,secret scope,30,33,38,32,0,hold,negative,lane-boundary
g065,rollout width,37,43,13,103,301,ship,baseline,monotonic-signal
g066,quota pressure,44,15,23,100,203,watch,edge,drag-penalty
g067,route drift,51,74,9,60,325,ship,recovery,confidence-floor
g068,secret scope,102,71,45,88,297,ship,negative,lane-boundary
g069,rollout width,87,37,44,20,68,hold,baseline,monotonic-signal
g070,quota pressure,83,22,24,77,244,ship,edge,drag-penalty
g071,route drift,41,52,36,67,140,watch,recovery,confidence-floor
g072,secret scope,67,35,23,23,135,watch,negative,lane-boundary
g073,rollout width,40,64,18,92,302,ship,baseline,monotonic-signal
g074,quota pressure,30,11,38,45,-18,hold,edge,drag-penalty
g075,route drift,116,22,7,69,379,ship,recovery,confidence-floor
g076,secret scope,31,65,35,42,101,hold,negative,lane-boundary
g077,rollout width,80,19,30,76,200,watch,baseline,monotonic-signal
g078,quota pressure,108,33,29,55,247,ship,edge,drag-penalty
g079,route drift,81,43,30,26,150,watch,recovery,confidence-floor
g080,secret scope,71,15,11,82,281,ship,negative,lane-boundary
g081,rollout width,70,74,24,71,310,ship,baseline,monotonic-signal
g082,quota pressure,117,36,21,70,341,ship,edge,drag-penalty
g083,route drift,100,10,11,31,227,ship,recovery,confidence-floor
g084,secret scope,95,44,28,102,342,ship,negative,lane-boundary
g085,rollout width,52,63,17,99,343,ship,baseline,monotonic-signal
g086,quota pressure,78,40,34,59,184,watch,edge,drag-penalty
g087,route drift,50,31,23,87,221,ship,recovery,confidence-floor
g088,secret scope,40,64,40,105,218,ship,negative,lane-boundary
g089,rollout width,82,13,8,76,302,ship,baseline,monotonic-signal
g090,quota pressure,107,25,36,66,216,ship,edge,drag-penalty
g091,route drift,35,69,30,22,102,hold,recovery,confidence-floor
g092,secret scope,90,23,29,91,263,ship,negative,lane-boundary
g093,rollout width,33,38,9,44,185,watch,baseline,monotonic-signal
g094,quota pressure,63,48,21,68,253,ship,edge,drag-penalty
g095,route drift,71,20,8,41,224,ship,recovery,confidence-floor
g096,secret scope,78,9,45,75,99,hold,negative,lane-boundary
